,標題
4,華南金控盃少棒賽、青少棒賽即將開打　爭U12、U15組訓權
5,「又沒死人叫什麼叫」！無辜推拿店遭刷1星　闆娘：我沒有生兒子
6,黃勇傳退租台南租屋　車子被債主開走抵押
7,梵蒂岡有意在北京常設辦公室？　陸外交部：願推動關係不斷改善
8,一家4口每周生活費2K！還要妻付水電費　她忍25年告摳門夫求離婚
9,關鍵時刻沒喊暫停！溜馬主帥扛責　哈利伯頓：我失誤害球隊輸
10,汪峰新歡神似章子怡！森林北遭疑整形　親曝調整部位：只在2019年做過
11,LIVE／花蓮規模5.2地震　氣象署最新說明
12,獨／女警半套店兼差驚爆連環扣　自家人曝內鬥：黑函比消夜多
13,521動員群眾來立院？　柯建銘：傅崐萁、黃國昌幫我們動員的
14,屏東4歲女童溜出門　家人急報警...她在派出所看卡通吃餅乾
15,顛簸國王迎季後賽　主帥不在意外界壓力、用「速度」決勝
16,新光三越端午伴手禮風月堂賣破千盒　京站祭全品回饋最高2%
17,鉅瑋攜手蘭精集團推可降解不織布面膜　拚年營收成長15％
18,最後一舞？納達爾現身練球6000人爭睹　打不打法網明揭曉
19,劉亦菲淡紫薄紗禮服放送火辣美腿！仙氣穿搭被問：落入人間的精靈？
20,同行間諜？女子入職4天「盜拍百張店家配方」　她稱：想開新店
21,黃勇傳1／3簽約金在信託！工會：盡可能協助　經紀公司違規
22,和10年前鄭捷案不同！「台中人圍毆」嫌犯秒被壓制　網點2關鍵
23,香港新登記車輛　超過64%為電動車　
24,黃勇傳指前經紀公司未提供幫助　躍樂負責人回應：尊重
25,獨／誆「買年資」吞同袍13萬元　前空軍女中士認罪求緩刑
26,中捷女「棉花糖式軟拳」回擊3刀男　他大推1招：瞬間血條值歸零
27,花蓮規模5.2地震是「0403餘震」　氣象署：不排除還有規模5地震
28,國際禽流感疫情嚴峻！　北市動保處2呼籲：不要餵食野生禽鳥
29,兄弟檔「販毒一條龍」月賺50萬　錢太多隨便放...百萬現金臉盆裝
30,藍委控綠委偷表決卡　吳思瑤曝影片打臉：拿一疊表決卡的是她
31,台灣「LEXUS百萬休旅」少1款！UX電動車下架　RZ300e有望來補位？
32,增藐視議會罪？蔣萬安喊尊重　罕見動怒要綠支持國會改革：否則是雙標
33,必點黃金21摺小籠湯包！藝人楊銘威開新店　還吃得到奢華松露餃
34,名字一直被寫錯！環境部官網曝真名　彭啓明：是「啓」不是「啟」
35,鋁錠工廠違反空污法挨罰72萬　屏東分署5／29法拍生產設備
36,「學會走捷徑，當人上人！」　陸上億貪官從小教育兒走歪路
37,《艾爾登法環 黃金樹幽影》公開新宣傳片、限量梅瑟莫頭盔模型
38,獨／單車女騎士衝上快速道！保時捷駕駛霸氣一路護：罰單我付
39,不再多談黃勇傳　餅總：我們做了很多努力
40,快訊／新自強號驚傳有「爆裂物」！台鐵報警　鐵警急上車巡檢
41,Ozone攻蛋倒數佳辰哭了！　團員爆「內鬨」哲言氣到搥牆
42,永慶房屋二度贊助《慶祭》演唱會　超強卡司接力唱嗨翻文化大學
43,俄羅斯擬修改國界！調整「波羅的海」俄領海邊界　芬蘭急跳腳
44,00940調整大限逼近中！投信重押8檔成份股　玉山金受寵
45,中捷長髮哥負傷阻砍人竟成詐騙工具　卓榮泰大怒要警政署主動偵辦
46,快訊／台2線岸邊「1男趴礁石上」沒動靜！送醫搶救不治
47,Yamaha YZF-R7將迎小改款？新整流罩、散熱系統專利圖曝光
48,「邦克列酸」列常規檢驗！食藥署：6月開始專案抽驗
49,快訊／岡山透天民宅1樓神明廳火警　消防救出2人
50,中信特攻深耕新北顧及各族群　連3年蟬聯「最佳主場」
51,台灣福斯奧迪總裁開車擦撞機車　騎士控肇逃！警：他有來說明
52,【廣編】型男鮮肉裸肌獻身　粉絲直呼想被「他」打
53,快訊／16:00東部海域規模5.2地震「16縣市有感」　最大震度4級
54,西港刈香5／24登場　黃偉哲發放百足真人蜈蚣陣紅包祝小神童們平安長大
55,快訊／國家警報響！花蓮地區地震　估震度4級以上
56,林書豪談來台首次季後賽之旅　點出「對戰組合太少」
57,快訊／殺人未遂犯最新行蹤曝光！龍山寺搭捷運「板橋新埔站下車」
58,藐視國會罪二讀　卓榮泰：盼法律是經國會程序正義所給的指引
59,全球高北極最後私人土地待售　挪威防落中俄之手
60,快訊／16:00花蓮又地震！台北有感
61,釣10公斤大魚「遭拖入水中」　他「邊游泳邊收竿」堅持不放手
62,自打80分！文化部長李遠：我這年紀不是做潮流，是把溪水弄乾淨
63,黃勇傳想回職棒但無球隊接觸　放棄8萬月薪暫做板模工人
64,高虹安出庭指柯助理捐給民進黨　柯建銘：30年來只有加薪無回捐
65,昔台中地王火燒2次淪廢樓　在地憶：50年前營業額20億
66,快訊／內湖白石湖吊橋下驚見男屍！民眾嚇壞　警封鎖現場調查中
67,撞倒百貨「49萬兔子雕塑」下秒倒地大碎裂！他隔天又撞一次賠慘了
68,頂呱呱連5天「8塊炸雞桶下殺75折」！　銅板價吃地瓜薯條、甜甜包
69,遊義大利特別砸錢訂「無敵海景房」　女抵達飯店看到真相大傻眼
70,婚禮倒數！謝京穎PO婚紗花絮告白　片長藏細節...閃瞎網：也太感動
71,吳尊裸上半身打網球！露出「古銅色肌膚」　網驚呆：黑到認不出來
72,藍綠白戰立院　他揭網路聲量：18％「支持國會改革」最多
73,台南甲辰年西港香3日香遶境5／24開跑　魚頭君邀請遊客一同追香
74,香港3天自由行每人8888起！TTE旅展優惠快看　2免費景點親子玩爆
75,第5艘最上級護衛艦　日本「矢矧號」正式服役
76,盤點台中舊城8大廢樓　昔日地王都更喊8年0進度
77,納智捷n7單月掛牌破千台　裕隆：規劃第2波預購活動
78,黃勇傳擁有500萬簽約金卻變月光族　愛花錢民間借貸債主找上門
79,殺人未遂犯還沒落網　雙北教育局：校園持續暫停開放
80,楊謹華《浪姐5》被說「跳這什麼悟空舞」　曝出演契機：隨時歡迎指教
81,李多慧定居台灣「月租曝光」！　嘆台北太貴：和首爾江南區差不多
82,她頭期款「存到800萬」還是買不到新竹房！網見1關鍵：不是給你買的
83,世新熱舞大賽舞出青春　冠軍隊伍創意編舞驚艷全場
84,大元「邊走邊抽菸的人好自私」！罕見動怒：為何要聞你吐出的廢煙
85,獨／女警被指下海半套店！乾爹+老司機曝內幕：除非她頭殼壞掉
86,台南鹿茸尚讚　黃偉哲邀請全國民眾共享養生聖品多元風貌
87,快訊／跟進挪威！　西班牙、愛爾蘭宣布承認巴勒斯坦國
88,孕媽媽帶全家「逛墓園」！　從墓碑挑新生兒的名字
89,綠批藍沒討論國會法案　蔣萬安反舉總預算逕付二讀、1分鐘過一例一休
90,預防酒癮酒駕悲劇...南投縣推治療費用補助　監理站赴看守所宣導
91,業界交情成包袱？　彭金隆掛保證：會做好分際
92,華航7／14首航西雅送限定禮　「1條件」抽不限航點機票
93,20歲護理生隨機砍人　學校科主任嘆：很遺憾
94,回到起點！　全壘打王邦茲入選海盜名人堂！
95,懷疑投球動作被破解！　施密特主投5局失2分吞敗
96,「張嘴黑色怪魚」擱淺海灘！專家揭神秘身世「公的都吃軟飯」
97,和林襄、李多慧一起應援　味全龍小龍女海選招募即日開跑
98,曾任西城男孩開場嘉賓！　超甜大馬女聲宣布「重磅喜訊」
99,日本沖繩大雨轟炸！　那霸對「11萬市民」發避難指示
